{"0": {"lotZ": 30.0, "lotY": 10.0, "lotX": 1.0, "nodzPosY": 1476.5, "nodzPosX": 2025.0, "type": 3, "children": [1, 2]}, "1": {"nodzPosY": 1416.0, "children": [], "type": 5, "nodzPosX": 2317.0, "meshFile": null}, "2": {"translateX": 0.2, "translateY": 0.0, "translateZ": 0.0, "nodzPosY": 1547.0, "nodzPosX": 2296.0, "type": 0, "children": [3]}, "3": {"count": 20, "direction": 1, "nodzPosY": 1559.0, "nodzPosX": 2559.0, "percentage": 20.0, "type": 7, "children": [4]}, "4": {"segmentDirection": 1, "segmentCount": 2, "nodzPosY": 1631.8500000000004, "nodzPosX": 2794.499999999999, "type": 4, "children": [5, 6]}, "5": {"proportion": 1, "type": 6, "children": [7], "idx": 0}, "6": {"proportion": 1, "type": 6, "children": [8], "idx": 1}, "7": {"segmentDirection": 1, "segmentCount": 2, "nodzPosY": 1443.0, "nodzPosX": 3037.0, "type": 4, "children": [9, 10]}, "8": {"segmentDirection": 1, "segmentCount": 2, "nodzPosY": 1719.0, "nodzPosX": 3031.0, "type": 4, "children": [11, 12]}, "9": {"proportion": 5.0, "type": 6, "children": [13], "idx": 0}, "10": {"proportion": 1, "type": 6, "children": [], "idx": 1}, "11": {"proportion": 5.0, "type": 6, "children": [14], "idx": 0}, "12": {"proportion": 1, "type": 6, "children": [], "idx": 1}, "13": {"count": 40, "direction": 2, "nodzPosY": 1435.6521739130435, "nodzPosX": 3310.4347826086955, "percentage": 20.0, "type": 7, "children": [15]}, "14": {"count": 40, "direction": 2, "nodzPosY": 1735.014199999999, "nodzPosX": 3296.876781249998, "percentage": 20.0, "type": 7, "children": [16]}, "15": {"scaleX": 1, "scaleY": 1, "scaleZ": 1, "nodzPosY": 1441.7391304347825, "nodzPosX": 3577.391304347826, "type": 2, "children": [17]}, "16": {"translateX": 0.0, "translateY": 0.25, "translateZ": 0.25, "nodzPosY": 1735.3499999999995, "nodzPosX": 3532.6274999999987, "type": 0, "children": [18]}, "17": {"segmentDirection": 2, "segmentCount": 2, "nodzPosY": 1366.1999999999996, "nodzPosX": 3828.3500000000004, "type": 4, "children": [19, 20]}, "18": {"segmentDirection": 2, "segmentCount": 2, "nodzPosY": 1737.6499999999996, "nodzPosX": 3777.7499999999995, "type": 4, "children": [21, 22]}, "19": {"proportion": 8.0, "type": 6, "children": [23], "idx": 0}, "20": {"proportion": 1.0, "type": 6, "children": [], "idx": 1}, "21": {"proportion": 8.0, "type": 6, "children": [24], "idx": 0}, "22": {"proportion": 1, "type": 6, "children": [], "idx": 1}, "23": {"scaleX": 1, "scaleY": 1, "scaleZ": 1, "nodzPosY": 1362.75, "nodzPosX": 4059.5000000000005, "type": 2, "children": [25]}, "24": {"scaleX": 1, "scaleY": 1, "scaleZ": 1, "nodzPosY": 1734.1999999999991, "nodzPosX": 4012.3499999999976, "type": 2, "children": [26]}, "25": {"nodzPosY": 1362.7499999999995, "children": [], "type": 5, "nodzPosX": 4296.4, "meshFile": null}, "26": {"nodzPosY": 1733.0499999999995, "children": [], "type": 5, "nodzPosX": 4292.949999999999, "meshFile": null}}